{
  "firstConfigRequest" : {
    "transaction" : "firstConfigRequest",
    "sampleCount" : 240,
    "errorCount" : 0,
    "errorPct" : 0.0,
    "meanResTime" : 957.079166666666,
    "medianResTime" : 962.0,
    "minResTime" : 910.0,
    "maxResTime" : 999.0,
    "pct1ResTime" : 977.0,
    "pct2ResTime" : 980.0,
    "pct3ResTime" : 995.0,
    "throughput" : 1.7854884426821012,
    "receivedKBytesPerSec" : 0.4027810842378568,
    "sentKBytesPerSec" : 0.2702643638825446
  },
  "thirdConfigRequest" : {
    "transaction" : "thirdConfigRequest",
    "sampleCount" : 240,
    "errorCount" : 0,
    "errorPct" : 0.0,
    "meanResTime" : 961.2958333333335,
    "medianResTime" : 968.5,
    "minResTime" : 911.0,
    "maxResTime" : 995.0,
    "pct1ResTime" : 981.0,
    "pct2ResTime" : 986.0,
    "pct3ResTime" : 993.59,
    "throughput" : 1.7854884426821012,
    "receivedKBytesPerSec" : 0.4027810842378568,
    "sentKBytesPerSec" : 0.2702643638825446
  },
  "Total" : {
    "transaction" : "Total",
    "sampleCount" : 720,
    "errorCount" : 1,
    "errorPct" : 0.1388889,
    "meanResTime" : 959.380555555556,
    "medianResTime" : 964.0,
    "minResTime" : 909.0,
    "maxResTime" : 1160.0,
    "pct1ResTime" : 980.0,
    "pct2ResTime" : 983.0,
    "pct3ResTime" : 994.0,
    "throughput" : 5.356226241045059,
    "receivedKBytesPerSec" : 1.2082893180482506,
    "sentKBytesPerSec" : 0.8107569017206877
  },
  "secondConfigRequest" : {
    "transaction" : "secondConfigRequest",
    "sampleCount" : 240,
    "errorCount" : 1,
    "errorPct" : 0.41666666,
    "meanResTime" : 959.7666666666665,
    "medianResTime" : 965.0,
    "minResTime" : 909.0,
    "maxResTime" : 1160.0,
    "pct1ResTime" : 979.0,
    "pct2ResTime" : 983.0,
    "pct3ResTime" : 994.0,
    "throughput" : 1.785422029132136,
    "receivedKBytesPerSec" : 0.40276610227492526,
    "sentKBytesPerSec" : 0.27025431105027453
  }
}